-- ===========================================================================
-- SCRIPT TẠO DỮ LIỆU MẪU - HỆ THỐNG QUẢN LÝ CỬA HÀNG THÚ CƯNG & SPA
-- RDBMS: ORACLE 21c
-- ===========================================================================

SET DEFINE OFF;

-- ===========================================================================
-- LUỒNG 1: TỔ CHỨC, NHÂN SỰ & PHÂN QUYỀN
-- ===========================================================================

-- 1. VAI_TRO
INSERT INTO VAI_TRO (MAVAITRO, TENVAITRO, QUYENHAN) VALUES (1, 'Quản trị viên', '{"role": "admin", "permissions": ["all"]}');
INSERT INTO VAI_TRO (MAVAITRO, TENVAITRO, QUYENHAN) VALUES (2, 'Nhân viên Bán hàng', '{"role": "sales", "permissions": ["create_order", "view_product"]}');
INSERT INTO VAI_TRO (MAVAITRO, TENVAITRO, QUYENHAN) VALUES (3, 'Nhân viên Spa', '{"role": "spa", "permissions": ["view_appointment", "update_appointment"]}');
INSERT INTO VAI_TRO (MAVAITRO, TENVAITRO, QUYENHAN) VALUES (4, 'Kế toán', '{"role": "accountant", "permissions": ["manage_payroll", "manage_inventory"]}');

-- 2. NHANVIEN (Sử dụng underscore cho username theo chuẩn kỹ thuật)
INSERT INTO NHANVIEN (MANHANVIEN, MAVAITRO, HOTEN, SDT, EMAIL, NGAYVAOLAM, TRANGTHAI, USERNAME, PASSWORDHASH) 
VALUES (1, 1, 'Nguyễn Đoàn Đức Hiếu - 24520500', '0901111222', 'hieu_nguyen@petsmart.vn', TO_DATE('2025-12-01', 'YYYY-MM-DD'), 'Đang làm việc', 'duc_hieu', 'hash_pwd_123');
INSERT INTO NHANVIEN (MANHANVIEN, MAVAITRO, HOTEN, SDT, EMAIL, NGAYVAOLAM, TRANGTHAI, USERNAME, PASSWORDHASH) 
VALUES (2, 2, 'Nguyễn Nữ Trà Giang - 24520418', '0903333444', 'giang_nguyen@petsmart.vn', TO_DATE('2026-02-01', 'YYYY-MM-DD'), 'Đang làm việc', 'tra_giang', 'hash_pwd_789');
INSERT INTO NHANVIEN (MANHANVIEN, MAVAITRO, HOTEN, SDT, EMAIL, NGAYVAOLAM, TRANGTHAI, USERNAME, PASSWORDHASH) 
VALUES (3, 3, 'Nguyễn Tấn Phát - 24521307', '0902222333', 'phat_nguyen@petsmart.vn', TO_DATE('2026-01-15', 'YYYY-MM-DD'), 'Đang làm việc', 'tan_phat', 'hash_pwd_456');
INSERT INTO NHANVIEN (MANHANVIEN, MAVAITRO, HOTEN, SDT, EMAIL, NGAYVAOLAM, TRANGTHAI, USERNAME, PASSWORDHASH) 
VALUES (4, 4, 'Trần Nhụy Tam Tử Phục - 24521400', '0904444555', 'phuc_tran@petsmart.vn', TO_DATE('2026-03-01', 'YYYY-MM-DD'), 'Đang làm việc', 'tam_phuc', 'hash_pwd_321');

-- 3. HO_SO_LUONG
INSERT INTO HO_SO_LUONG (MANHANVIEN, MUCLUONG, GIAMTRUBANTHAN, SONGUOIPHUTHUOC, TIENGIAMNPT, NGAYCAPNHAT) 
VALUES (1, 30000000, 15500000, 0, 0, TO_DATE('2026-04-01', 'YYYY-MM-DD'));
INSERT INTO HO_SO_LUONG (MANHANVIEN, MUCLUONG, GIAMTRUBANTHAN, SONGUOIPHUTHUOC, TIENGIAMNPT, NGAYCAPNHAT) 
VALUES (2, 15000000, 15500000, 0, 0, TO_DATE('2026-04-01', 'YYYY-MM-DD'));
INSERT INTO HO_SO_LUONG (MANHANVIEN, MUCLUONG, GIAMTRUBANTHAN, SONGUOIPHUTHUOC, TIENGIAMNPT, NGAYCAPNHAT) 
VALUES (3, 16000000, 15500000, 1, 4400000, TO_DATE('2026-04-01', 'YYYY-MM-DD'));

-- 4. PHIEU_LUONG
INSERT INTO PHIEU_LUONG (MAPHIEU, MANHANVIEN, THANGNAM, LUONG, TONGBAOHIEMNV, TONGTHUETNCN, THUCLINH, TRANGTHAI) 
VALUES (1, 1, '04-2026', 30000000, 3150000, 975000, 25875000, 'Đã thanh toán');

-- 5. CHI_TIET_BAO_HIEM
INSERT INTO CHI_TIET_BAO_HIEM (MAPHIEU, BHXH_NV, BHYT_NV, BHTN_NV, BHXH_DN, BHYT_DN, BHTN_DN, TNLDBNN_DN) 
VALUES (1, 2400000, 450000, 300000, 5250000, 900000, 300000, 150000);

-- 6. CHI_TIET_THUE_TNCN
INSERT INTO CHI_TIET_THUE_TNCN (MACHITIET, MAPHIEU, BACTHUE, THUNHAPCHIUTHUE, TIENTHUE) 
VALUES (1, 1, 2, 11350000, 975000);

-- 7. CHAM_CONG
INSERT INTO CHAM_CONG (MACHAMCONG, MANHANVIEN, NGAY, GIOVAO, GIORA, SOGIOLAM, TANGCA, TRANGTHAI, GHICHU) 
VALUES (1, 2, TO_DATE('2026-04-10', 'YYYY-MM-DD'), TO_TIMESTAMP_TZ('2026-04-10 08:00:00 +07:00', 'YYYY-MM-DD HH24:MI:SS TZH:TZM'), TO_TIMESTAMP_TZ('2026-04-10 17:00:00 +07:00', 'YYYY-MM-DD HH24:MI:SS TZH:TZM'), 8.0, 0, 'Đúng giờ', NULL);
INSERT INTO CHAM_CONG (MACHAMCONG, MANHANVIEN, NGAY, GIOVAO, GIORA, SOGIOLAM, TANGCA, TRANGTHAI, GHICHU) 
VALUES (2, 3, TO_DATE('2026-04-10', 'YYYY-MM-DD'), TO_TIMESTAMP_TZ('2026-04-10 08:30:00 +07:00', 'YYYY-MM-DD HH24:MI:SS TZH:TZM'), TO_TIMESTAMP_TZ('2026-04-10 17:00:00 +07:00', 'YYYY-MM-DD HH24:MI:SS TZH:TZM'), 7.5, 0, 'Đi trễ', 'Kẹt xe');

-- 8. CHAM_CONG_SUA_LICH_SU
INSERT INTO CHAM_CONG_SUA_LICH_SU (IDSUA, MACHAMCONG, NGUOISUA, NGAYSUA, GIOVAO_CU, GIOVAO_MOI, GIORA_CU, GIORA_MOI, SOGIOLAM_CU, SOGIOLAM_MOI, LYDO) 
VALUES (1, 2, 4, SYSTIMESTAMP, TO_TIMESTAMP_TZ('2026-04-10 08:30:00 +07:00', 'YYYY-MM-DD HH24:MI:SS TZH:TZM'), TO_TIMESTAMP_TZ('2026-04-10 08:00:00 +07:00', 'YYYY-MM-DD HH24:MI:SS TZH:TZM'), TO_TIMESTAMP_TZ('2026-04-10 17:00:00 +07:00', 'YYYY-MM-DD HH24:MI:SS TZH:TZM'), TO_TIMESTAMP_TZ('2026-04-10 17:00:00 +07:00', 'YYYY-MM-DD HH24:MI:SS TZH:TZM'), 7.5, 8.0, 'Nhân viên quên chấm công, check camera đã đến đúng giờ');

-- 9. QUAN_LY_PHEP
INSERT INTO QUAN_LY_PHEP (IDPHEP, MANHANVIEN, NAM, TONGPHEP, DADUNG, CONLAI) VALUES (1, 2, 2026, 12, 1, 11);

-- 10. DON_XIN_NGHI_PHEP
INSERT INTO DON_XIN_NGHI_PHEP (MADON, MANHANVIEN, LOAINGHI, TUNGAY, DENNGAY, SONGAY, LYDO, TRANGTHAI, NGUOIDUYET) 
VALUES (1, 2, 'Phép năm', TO_DATE('2026-04-15', 'YYYY-MM-DD'), TO_DATE('2026-04-15', 'YYYY-MM-DD'), 1, 'Giải quyết việc gia đình', 'Đã duyệt', 1);

-- ===========================================================================
-- LUỒNG 2: ĐỐI TÁC & THÚ CƯNG
-- ===========================================================================

-- 11. DOI_TAC
-- Nhà Cung Cấp
INSERT INTO DOI_TAC (MADOITAC, TENDOITAC, SODIENTHOAI, DIACHI, EMAIL, LOAIDOITAC) 
VALUES (1, 'Công ty TNHH Pet Vina', '0281234567', 'Q. Bình Thạnh, TP.HCM', 'contact@petvina.vn', 'NhaCungCap');
INSERT INTO DOI_TAC (MADOITAC, TENDOITAC, SODIENTHOAI, DIACHI, EMAIL, LOAIDOITAC) 
VALUES (2, 'Nhà phân phối Cature VN', '0289876543', 'Q.7, TP.HCM', 'sales@cature.vn', 'NhaCungCap');
-- Khách Hàng
INSERT INTO DOI_TAC (MADOITAC, TENDOITAC, SODIENTHOAI, DIACHI, EMAIL, LOAIDOITAC) 
VALUES (3, 'Trần Thị Mỹ Linh', '0933111222', 'Q.1, TP.HCM', 'mylinh.tran@gmail.com', 'KhachHang');
INSERT INTO DOI_TAC (MADOITAC, TENDOITAC, SODIENTHOAI, DIACHI, EMAIL, LOAIDOITAC) 
VALUES (4, 'Nguyễn Văn Cường', '0944222333', 'TP. Thủ Đức, TP.HCM', 'cuong.nguyen@yahoo.com', 'KhachHang');

-- 12. KHACH_HANG
INSERT INTO KHACH_HANG (MADOITAC, DIEMTICHLUY, NGAYTHAMGIA, LOAIKHACHHANG) 
VALUES (3, 200, TO_DATE('2026-01-10', 'YYYY-MM-DD'), 'Bạc');
INSERT INTO KHACH_HANG (MADOITAC, DIEMTICHLUY, NGAYTHAMGIA, LOAIKHACHHANG) 
VALUES (4, 50, TO_DATE('2026-03-05', 'YYYY-MM-DD'), 'Đồng');

-- 13. NHA_CUNG_CAP
INSERT INTO NHA_CUNG_CAP (MADOITAC, MASOTHUE, DIEUKHOANTHANHTOAN, GHICHU) 
VALUES (1, '0311122233', 'Thanh toán sau 30 ngày', 'Cung cấp thức ăn hạt');
INSERT INTO NHA_CUNG_CAP (MADOITAC, MASOTHUE, DIEUKHOANTHANHTOAN, GHICHU) 
VALUES (2, '0311144455', 'Thanh toán tiền mặt', 'Cung cấp cát vệ sinh');

-- 14. HO_SO_THU_CUNG
INSERT INTO HO_SO_THU_CUNG (MATHUCUNG, MADOITAC, TENTHUCUNG, LOAITHUCUNG, GIOITINH) 
VALUES (1, 3, 'Milo', 'Chó Corgi', 1);
INSERT INTO HO_SO_THU_CUNG (MATHUCUNG, MADOITAC, TENTHUCUNG, LOAITHUCUNG, GIOITINH) 
VALUES (2, 3, 'Luna', 'Mèo Anh Lông Ngắn', 0);
INSERT INTO HO_SO_THU_CUNG (MATHUCUNG, MADOITAC, TENTHUCUNG, LOAITHUCUNG, GIOITINH) 
VALUES (3, 4, 'Bơ', 'Chó Poodle', 1);

-- ===========================================================================
-- LUỒNG 3: SẢN PHẨM & DỊCH VỤ
-- ===========================================================================

-- 15. SAN_PHAM
INSERT INTO SAN_PHAM (MASANPHAM, TENSANPHAM, DONVITINH, GIANIEMYET, THUE, MAVACH, COTHEMUA, COTHEBAN, POS, THUONGHIEU, XUATXU, PHUHOP) 
VALUES (1, 'Hạt Royal Canin Poodle 1.5kg', 'Túi', 280000, 8, '8930000000001', 1, 1, 1, 'Royal Canin', 'Pháp', 'Chó Poodle');
INSERT INTO SAN_PHAM (MASANPHAM, TENSANPHAM, DONVITINH, GIANIEMYET, THUE, MAVACH, COTHEMUA, COTHEBAN, POS, THUONGHIEU, XUATXU, PHUHOP) 
VALUES (2, 'Cát vệ sinh Cature 6L', 'Bao', 135000, 8, '8930000000002', 1, 1, 1, 'Cature', 'Trung Quốc', 'Mèo');
INSERT INTO SAN_PHAM (MASANPHAM, TENSANPHAM, DONVITINH, GIANIEMYET, THUE, MAVACH, COTHEMUA, COTHEBAN, POS, THUONGHIEU, XUATXU, PHUHOP) 
VALUES (3, 'Sữa tắm SOS 500ml', 'Chai', 150000, 8, '8930000000003', 1, 1, 1, 'SOS', 'Đài Loan', 'Chó Mèo');

-- 16. DICH_VU (MADICHVU tự tăng)
INSERT INTO DICH_VU (TENDICHVU, GIA) VALUES (N'Tắm sấy cơ bản (Dưới 5kg)', 200000);
INSERT INTO DICH_VU (TENDICHVU, GIA) VALUES (N'Tắm sấy cơ bản (5-10kg)', 300000);
INSERT INTO DICH_VU (TENDICHVU, GIA) VALUES (N'Cắt tỉa lông nghệ thuật', 450000);

-- ===========================================================================
-- LUỒNG 4: NHẬP HÀNG & TỒN KHO TRỰC TIẾP
-- ===========================================================================

-- 17. HOA_DON_NHAP_HANG
INSERT INTO HOA_DON_NHAP_HANG (MAHOADONNHAP, MADOITAC, MANHANVIEN, SOHOADON_VAT, NGAYLAP, TONGTIEN, PHUONGTHUCTHANHTOAN, TRANGTHAI_THANHTOAN, GHICHU) 
VALUES (1, 1, 4, 'VAT-000123', TO_DATE('2026-04-01', 'YYYY-MM-DD'), 5600000, 'Chuyển khoản', 'Đã thanh toán', 'Nhập hạt đầu tháng');
INSERT INTO HOA_DON_NHAP_HANG (MAHOADONNHAP, MADOITAC, MANHANVIEN, SOHOADON_VAT, NGAYLAP, TONGTIEN, PHUONGTHUCTHANHTOAN, TRANGTHAI_THANHTOAN, GHICHU) 
VALUES (2, 2, 4, 'VAT-000124', TO_DATE('2026-04-05', 'YYYY-MM-DD'), 2700000, 'Tiền mặt', 'Đã thanh toán', 'Nhập cát vệ sinh');

-- 18. CHI_TIET_HOA_DON_NHAP
INSERT INTO CHI_TIET_HOA_DON_NHAP (MACHITIET, MAHOADONNHAP, MASANPHAM, SOLUONG, SOLUONGDANHAN, DONGIA, THANHTIEN) 
VALUES (1, 1, 1, 20, 20, 200000, 4000000);
INSERT INTO CHI_TIET_HOA_DON_NHAP (MACHITIET, MAHOADONNHAP, MASANPHAM, SOLUONG, SOLUONGDANHAN, DONGIA, THANHTIEN) 
VALUES (2, 1, 3, 10, 10, 160000, 1600000);
INSERT INTO CHI_TIET_HOA_DON_NHAP (MACHITIET, MAHOADONNHAP, MASANPHAM, SOLUONG, SOLUONGDANHAN, DONGIA, THANHTIEN) 
VALUES (3, 2, 2, 30, 30, 90000, 2700000);

-- 19. TON_KHO
INSERT INTO TON_KHO (MASANPHAM, SOLUONGTON, NGAYCAPNHAT) VALUES (1, 18, SYSTIMESTAMP);
INSERT INTO TON_KHO (MASANPHAM, SOLUONGTON, NGAYCAPNHAT) VALUES (2, 25, SYSTIMESTAMP);
INSERT INTO TON_KHO (MASANPHAM, SOLUONGTON, NGAYCAPNHAT) VALUES (3, 10, SYSTIMESTAMP);

-- 20. KIEM_KE
INSERT INTO KIEM_KE (MAKIEMKE, NGAYKIEMKE, NGUOIKIEMKE, TRANGTHAI) 
VALUES (1, TO_DATE('2026-04-20', 'YYYY-MM-DD'), 4, 'Đã cân bằng');

-- 21. CHI_TIET_KIEM_KE
INSERT INTO CHI_TIET_KIEM_KE (MACHITIET, MAKIEMKE, MASANPHAM, SLHETHONG, SLTHUCTE, SLLECH, LYDOLECH) 
VALUES (1, 1, 1, 18, 18, 0, 'Khớp');
INSERT INTO CHI_TIET_KIEM_KE (MACHITIET, MAKIEMKE, MASANPHAM, SLHETHONG, SLTHUCTE, SLLECH, LYDOLECH) 
VALUES (2, 1, 2, 26, 25, -1, 'Rách bao bì do vận chuyển');

-- ===========================================================================
-- LUỒNG 5: BÁN HÀNG & LỊCH HẸN SPA/PET
-- ===========================================================================

-- 22. DON_HANG
INSERT INTO DON_HANG (MADONHANG, MADOITAC, MANHANVIEN, NGAYTAO, TONGTIEN, TRANGTHAI, GHICHU, DIEMSUDUNG, THOIGIANTHANHTOAN) 
VALUES (1, 3, 2, TO_TIMESTAMP('2026-04-22 09:30:00', 'YYYY-MM-DD HH24:MI:SS'), 415000, 'HoanThanh', 'Khách mua tại quầy', 0, TO_TIMESTAMP('2026-04-22 09:35:00', 'YYYY-MM-DD HH24:MI:SS'));
INSERT INTO DON_HANG (MADONHANG, MADOITAC, MANHANVIEN, NGAYTAO, TONGTIEN, TRANGTHAI, GHICHU, DIEMSUDUNG, THOIGIANTHANHTOAN) 
VALUES (2, 4, 5, TO_TIMESTAMP('2026-04-25 14:00:00', 'YYYY-MM-DD HH24:MI:SS'), 650000, 'HoanThanh', 'Thanh toán dịch vụ Spa và mua thêm hạt', 0, TO_TIMESTAMP('2026-04-25 15:30:00', 'YYYY-MM-DD HH24:MI:SS'));

-- 23. CHI_TIET_DON_HANG
-- Đơn hàng 1 (Trần Thị Mỹ Linh mua 1 hạt, 1 cát)
INSERT INTO CHI_TIET_DON_HANG (MACHITIET, MADONHANG, MASANPHAM, MADICHVU, SOLUONG, DONGIA, THANHTIEN) 
VALUES (1, 1, 1, NULL, 1, 280000, 280000);
INSERT INTO CHI_TIET_DON_HANG (MACHITIET, MADONHANG, MASANPHAM, MADICHVU, SOLUONG, DONGIA, THANHTIEN) 
VALUES (2, 1, 2, NULL, 1, 135000, 135000);

-- Đơn hàng 2 (Nguyễn Văn Cường tắm sấy cơ bản 5-10kg và cắt tỉa lông)
INSERT INTO CHI_TIET_DON_HANG (MACHITIET, MADONHANG, MASANPHAM, MADICHVU, SOLUONG, DONGIA, THANHTIEN) 
VALUES (3, 2, NULL, 2, 1, 300000, 300000);
INSERT INTO CHI_TIET_DON_HANG (MACHITIET, MADONHANG, MASANPHAM, MADICHVU, SOLUONG, DONGIA, THANHTIEN) 
VALUES (4, 2, NULL, 3, 1, 450000, 450000);

-- 24. LICH_HEN (MALICHHEN tự tăng, bỏ qua lúc insert)
INSERT INTO LICH_HEN (MAKH, MATHUCUNG, THOIGIANHEN, TRANGTHAI, MANV) 
VALUES (3, 2, TO_TIMESTAMP('2026-04-28 09:00:00', 'YYYY-MM-DD HH24:MI:SS'), 'Đã xác nhận', 3);
INSERT INTO LICH_HEN (MAKH, MATHUCUNG, THOIGIANHEN, TRANGTHAI, MANV) 
VALUES (4, 3, TO_TIMESTAMP('2026-04-29 15:00:00', 'YYYY-MM-DD HH24:MI:SS'), 'Đợi check-in', 3);

-- 25. CHI_TIET_LICH_HEN
-- Giả sử MALICHHEN tự sinh lần lượt là 1 và 2
INSERT INTO CHI_TIET_LICH_HEN (MALICHHEN, MAKH, MADICHVU, GHICHU) 
VALUES (1, 3, 1, 'Bé nhát nước, tắm nhẹ tay');
INSERT INTO CHI_TIET_LICH_HEN (MALICHHEN, MAKH, MADICHVU, GHICHU) 
VALUES (2, 4, 3, 'Cắt kiểu gấu bông');

-- 26. CẤU HÌNH THAM SỐ LƯƠNG & THUẾ TNCN
INSERT INTO THAM_SO_LUONG (MA_THAM_SO, TEN_THAM_SO, GIA_TRI) VALUES ('TY_LE_BHXH', 'Tỷ lệ trích đóng BHXH của NLĐ (%)', 8);
INSERT INTO THAM_SO_LUONG (MA_THAM_SO, TEN_THAM_SO, GIA_TRI) VALUES ('TY_LE_BHYT', 'Tỷ lệ trích đóng BHYT của NLĐ (%)', 1.5);
INSERT INTO THAM_SO_LUONG (MA_THAM_SO, TEN_THAM_SO, GIA_TRI) VALUES ('TY_LE_BHTN', 'Tỷ lệ trích đóng BHTN của NLĐ (%)', 1);
INSERT INTO THAM_SO_LUONG (MA_THAM_SO, TEN_THAM_SO, GIA_TRI) VALUES ('TRAN_LUONG_BH', 'Mức lương trần đóng bảo hiểm bắt buộc', 36000000);

INSERT INTO BIEU_THUE_TNCN (BAC, NGUONG_TREN, THUE_SUAT) VALUES (1, 10000000, 5);
INSERT INTO BIEU_THUE_TNCN (BAC, NGUONG_TREN, THUE_SUAT) VALUES (2, 30000000, 10);
INSERT INTO BIEU_THUE_TNCN (BAC, NGUONG_TREN, THUE_SUAT) VALUES (3, 60000000, 20);
INSERT INTO BIEU_THUE_TNCN (BAC, NGUONG_TREN, THUE_SUAT) VALUES (4, 100000000, 30);
INSERT INTO BIEU_THUE_TNCN (BAC, NGUONG_TREN, THUE_SUAT) VALUES (5, 999999999999, 35);

COMMIT;